CANAL,QTD_CLIENTES_UNICOS,QTD_COMPRAS,RECEITA_TOTAL,LTV_MEDIO_CLIENTE,FREQUENCIA_MEDIA,TICKET_MEDIO
LOJA FÍSICA,11090656.0,146942346.0,11909654690.059998,1073.85,13.25,81.05
APP,459060.0,2002783.0,296486416.39,645.86,4.36,148.04
TELEVENDAS,474320.0,1558457.0,241097325.09,508.3,3.29,154.7
OUTROS,747651.0,2001177.0,180581663.17999998,241.53,2.68,90.24
SITE,444398.0,986745.0,170154100.99,382.89,2.22,172.44
